value_eth,gas_price_gwei,gas_used,from_address_age_days,to_contract_age_days,tx_frequency_last_hour,is_flash_loan_pattern,label
45.6963,52.84,173198,13,11,6,0,0
7.857,22.62,158903,1144,1069,5,0,0
14.7453,14.54,43600,164,663,4,0,0
2.4482,22.43,196682,576,1467,1,0,0
9.864,29.78,103934,564,448,3,0,0
10.2048,22.06,238331,1159,1340,5,0,0
3162.9457,209.69,706792,0,3,36,1,1
12.9287,24.13,170336,534,1215,5,0,0
24.8475,62.93,241947,25,25,8,0,0
876.3321,292.01,669272,4,6,96,1,1
5.5865,36.71,171450,311,1114,3,0,0
12.1996,33.45,238306,1108,221,4,0,0
12.2528,25.37,51772,515,459,5,0,0
9.5956,37.7,36036,183,1404,4,0,0
3.4006,33.8,23434,46,1454,3,0,0
0.9515,39.28,152027,1127,63,5,0,0
467.5119,334.3,690509,10,7,105,0,1
12.173,23.51,194982,341,1044,1,0,0
5.0906,25.87,130049,224,670,4,0,0
12.8717,44.49,199074,225,307,4,0,0
1.6304,40.53,246075,993,485,2,0,0
4.732,38.03,204691,698,681,4,0,0
1.2455,33.26,191108,368,136,4,0,0
13.7916,28.59,35910,1070,194,2,0,0
537.5056,199.26,2007796,15,5,120,1,1
4543.7818,299.24,380214,7,3,108,1,1
1963.2434,227.77,2289762,4,3,103,1,1
3.934,19.11,137987,469,1283,3,0,0
14.9719,26.74,119782,672,384,4,0,0
8.4292,21.17,143282,280,577,4,0,0
13.7882,42.57,66412,1166,371,4,0,0
3.9367,35.94,165619,905,1178,1,0,0
3.5897,23.4,245398,871,119,3,0,0
5.1095,15.03,246833,683,737,4,0,0
1.7477,37.04,247731,1083,32,5,0,0
11.8831,18.29,150504,83,769,5,0,0
49.8575,48.48,82551,22,14,9,0,0
3.6279,24.22,166536,522,1444,4,0,0
7.0463,25.42,69329,135,547,4,0,0
1.1667,39.55,47513,1069,1135,5,0,0
9.1039,21.28,136811,935,1413,2,0,0
10.0786,20.5,103883,178,49,4,0,0
270.1696,234.23,2467689,4,1,111,1,1
6.4696,40.89,211711,779,855,3,0,0
4.6196,12.03,169729,191,205,4,0,0
0.4769,44.95,243114,852,903,1,0,0
5.2254,39.59,182837,383,1409,3,0,0
13.1056,16.59,220674,1174,474,4,0,0
14.5234,43.22,237056,961,217,2,0,0
39.5196,73.43,168746,9,28,7,0,0
10.0261,21.77,150579,695,402,4,0,0
1.5166,15.82,99503,89,124,3,0,0
5.4467,44.33,117294,1145,1350,3,0,0
13.1294,36.79,29445,888,1289,1,0,0
4.0585,38.29,162078,1020,982,4,0,0
12.2461,42.1,35656,479,1209,4,0,0
14.5137,44.53,196070,741,1483,1,0,0
3.0619,32.2,90201,1065,1030,3,0,0
9.6954,11.37,206498,926,929,5,0,0
2839.2551,326.41,1707744,2,3,60,1,1
0.1056,24.35,82078,1139,739,1,0,0
5.0264,21.54,167266,821,611,3,0,0
10.7836,36.58,249689,1138,103,5,0,0
378.1959,311.48,1994911,10,2,107,0,1
14.0334,29.99,144907,527,998,4,0,0
7.3356,12.89,29089,481,628,1,0,0
9.1578,24.99,182520,315,453,2,0,0
10.9396,15.72,120471,582,1340,5,0,0
12.3814,31.81,181181,273,293,1,0,0
9.6455,39.06,200485,981,1454,4,0,0
2.1053,42.6,104500,362,834,5,0,0
6.4465,37.69,85955,597,1350,1,0,0
3498.446,330.79,1796634,7,2,63,1,1
6.7885,36.18,86497,223,976,1,0,0
14.959,16.3,222226,1156,85,4,0,0
0.6908,23.83,178109,142,45,2,0,0
7.0261,18.8,166024,53,1423,1,0,0
3.3555,28.05,33039,851,171,4,0,0
14.531,30.27,163133,154,672,1,0,0
0.878,13.02,134897,267,958,5,0,0
4.9866,13.51,242522,931,234,5,0,0
4.3603,23.45,182317,886,538,2,0,0
10.3936,32.74,244285,702,1411,5,0,0
2.5315,26.01,215646,1044,1155,5,0,0
5.5317,33.58,130193,660,1439,1,0,0
5.6289,15.09,160242,873,1189,2,0,0
5.7093,34.63,152140,1174,1398,3,0,0
10.8205,37.11,120664,332,1424,2,0,0
10.3684,15.22,30444,786,1222,5,0,0
1.4062,44.03,187419,763,159,5,0,0
11.3266,13.98,133699,257,610,5,0,0
0.9559,37.17,140977,105,630,2,0,0
10.0849,20.96,83540,655,269,2,0,0
4.5064,15.51,207007,386,770,5,0,0
13.8238,22.29,68554,323,1189,4,0,0
2.9984,10.71,60946,518,288,4,0,0
13.0041,16.36,89198,806,700,2,0,0
2720.1938,93.12,501160,3,0,21,1,1
9.2816,40.16,172349,423,1472,1,0,0
4.0097,32.43,50242,631,920,2,0,0
0.8149,25.3,240853,185,727,5,0,0
3095.7676,252.7,736669,15,2,57,1,1
1196.4732,244.25,1581190,8,6,63,1,1
7.2852,22.03,199926,129,124,1,0,0
11.128,35.92,52311,55,1479,2,0,0
2068.4275,186.86,1690386,7,0,110,1,1
16.9084,53.76,54103,25,25,6,0,0
40.4118,70.12,173023,26,25,12,0,0
5.1117,40.81,204811,595,1168,1,0,0
0.3363,18.91,21790,476,1214,1,0,0
3292.7779,218.59,337320,15,2,97,1,1
7.2023,29.62,229510,590,619,1,0,0
1.5087,28.82,153614,573,301,3,0,0
45.823,62.27,146037,5,21,8,0,0
6.2712,14.03,26467,695,381,5,0,0
1.1119,19.38,120614,345,827,3,0,0
13.8627,25.16,210905,838,1046,1,0,0
1.0506,37.07,113050,1073,848,5,0,0
147.3944,117.37,1015180,10,5,71,1,1
13.4336,28.79,188295,204,253,2,0,0
5.8331,30.87,171681,815,896,2,0,0
11.4245,33.67,149308,321,1212,3,0,0
14.2957,28.31,226255,560,371,3,0,0
4194.9709,266.27,2305904,13,2,29,1,1
14.3586,21.78,45312,808,228,3,0,0
0.4035,42.52,238438,577,89,2,0,0
4345.3275,237.57,598700,15,3,79,1,1
9.3796,33.14,72857,900,265,5,0,0
7.0573,32.25,118858,549,63,3,0,0
4.6681,10.48,127952,220,490,1,0,0
4.5548,41.81,76524,419,270,4,0,0
6.6387,20.6,93004,145,750,5,0,0
3.2773,34.48,222037,785,373,5,0,0
12.3153,42.51,99453,362,1184,2,0,0
12.8645,15.05,142379,148,1181,4,0,0
9.3936,24.95,150924,126,735,4,0,0
3.4855,24.18,69352,411,1341,4,0,0
14.7587,18.54,66731,1160,357,3,0,0
11.497,14.59,119754,345,362,2,0,0
8.6962,33.84,168978,691,1314,3,0,0
0.5737,22.91,96255,187,1350,1,0,0
2160.3156,319.45,1858949,8,4,74,1,1
6.0216,12.05,120345,34,829,3,0,0
2793.3469,212.56,528609,11,0,69,1,1
12.1089,35.54,161568,285,805,1,0,0
1.5375,37.04,243899,277,1189,1,0,0
11.7309,22.57,163742,1022,734,5,0,0
0.9358,29.17,153510,444,1202,5,0,0
4806.5499,208.14,1766999,11,2,48,1,1
3.7977,15.4,131920,802,181,4,0,0
9.1587,15.74,113061,466,1316,2,0,0
13.4567,38.94,156077,701,207,4,0,0
2660.5539,193.29,2038297,4,2,87,1,1
13.2476,25.74,133604,826,39,2,0,0
0.1892,39.06,79271,297,435,4,0,0
14.311,20.57,210499,53,565,3,0,0
14.2511,41.2,181603,1063,903,5,0,0
828.4068,303.14,528866,0,2,79,1,1
2.3011,15.6,199384,894,1251,1,0,0
65.2523,53.03,2482335,32,11,14,1,1
5.6076,41.49,139354,277,537,2,0,0
3257.2503,203.32,1541607,8,7,21,1,1
7.8012,34.53,118646,968,203,5,0,0
5.1834,29.32,163456,802,962,3,0,0
6.7724,22.24,27991,879,139,4,0,0
9.8131,10.27,235198,1165,643,1,0,0
3692.0329,180.61,1737483,5,1,66,1,1
8.4347,19.51,49633,520,526,1,0,0
14.4578,27.69,150753,867,1432,4,0,0
4913.6603,125.33,672143,10,7,16,1,1
6.176,10.59,210318,592,1127,3,1,0
6.3405,14.63,39567,498,814,1,0,0
10.4082,20.09,125976,1156,105,4,0,0
3322.312,230.73,1532219,3,7,31,1,1
4909.6889,307.97,735004,13,7,117,1,1
4.7196,43.76,104660,626,1453,4,0,0
2.8378,23.71,190389,141,520,4,0,0
7.9889,30.89,65139,692,1471,3,0,0
1191.262,253.7,1991466,7,1,73,1,1
3466.6329,332.82,1288354,15,4,25,1,1
1635.729,95.66,2196048,8,3,112,1,1
0.3574,43.08,153499,966,523,2,0,0
1.3936,24.83,93530,120,37,3,0,0
5.3953,19.15,155431,1048,984,1,0,0
6.3528,17.41,162373,441,1490,3,0,0
4.2338,23.37,159270,887,361,2,0,0
1117.7005,331.94,1686652,7,0,16,1,1
2001.6858,187.29,1667874,8,7,16,1,1
13.9681,40.01,165930,888,489,3,0,0
3095.4835,290.37,420864,4,7,77,1,1
6.8882,19.27,85651,1179,1133,3,0,0
13.8147,44.91,216760,215,918,1,0,0
12.9114,43.62,118934,840,1230,1,0,0
7.5681,19.55,233025,260,707,2,0,0
10.4922,10.77,238589,840,592,1,0,0
2984.4864,125.1,491756,9,4,73,1,1
11.1726,11.72,179965,1047,616,2,0,0
6.2507,15.22,119686,406,1131,4,0,0
8.0165,41.74,176161,1185,1387,1,0,0
13.5961,40.56,108388,196,1223,2,0,0
3.9742,14.33,117622,566,1227,4,0,0
9.5749,12.49,24163,769,678,2,0,0
9.1484,35.9,220946,455,1311,2,0,0
5.5013,23.4,169699,96,1269,2,0,0
12.3745,27.32,105637,610,721,5,0,0
5.3156,41.79,93084,603,943,2,0,0
4.5768,43.21,108088,808,704,4,0,0
2128.5346,284.24,1254257,1,6,119,1,1
14.1442,40.67,103490,465,1372,4,0,0
13.2831,37.24,78367,390,1455,5,0,0
6.168,40.58,217682,896,135,3,0,0
14.3044,34.04,145326,167,216,1,0,0
4.7071,40.83,56947,813,302,2,0,0
8.9413,37.56,158758,944,1111,3,0,0
12.2718,11.7,22673,874,311,2,0,0
7.8099,14.07,74844,1031,216,5,0,0
0.6441,10.66,41411,671,1209,4,0,0
12.5421,43.91,218542,514,370,4,0,0
13.9275,21.73,140104,1142,1103,4,0,0
10.1128,19.52,194523,898,1024,5,0,0
7.3855,12.1,58322,603,220,1,0,0
2.8746,22.49,225692,127,1372,3,0,0
14.0864,19.79,201952,788,474,4,0,0
8.5511,18.6,165347,721,557,4,0,0
2.1178,21.33,86024,43,564,4,0,0
11.0846,38.41,166849,152,1231,5,0,0
6.6685,19.97,217224,949,509,5,0,0
9.6738,30.38,88848,183,74,1,0,0
0.7908,43.32,79778,170,1364,1,0,0
4.4507,22.63,100237,58,1480,5,0,0
10.1138,38.22,67993,249,227,5,0,0
432.1944,149.3,753129,0,0,64,1,1
7.4358,42.78,249665,622,106,1,0,0
1.3654,38.27,100748,112,470,3,0,0
13.7543,28.97,189246,150,1103,1,0,0
9.8373,44.02,172643,496,135,5,0,0
7.1042,28.58,132543,1157,707,3,0,0
1755.3922,319.75,861153,10,7,60,1,1
7.8236,24.47,93129,154,1170,5,0,0
11.3147,17.9,198294,843,1171,3,0,0
1.6341,18.18,27560,1179,701,5,0,0
2.6361,28.16,136927,599,401,5,0,0
1.7403,13.75,166024,348,587,3,0,0
5.19,30.57,188493,898,1443,3,0,0
2.7054,21.16,78414,90,605,1,0,0
9.5879,31.31,61065,795,360,5,0,0
9.5529,31.73,198671,310,1316,1,0,0
13.2224,10.87,214085,710,873,2,0,0
5.0929,42.86,218909,325,437,5,0,0
9.2366,20.53,164638,30,652,3,0,0
4.6409,25.43,172931,777,299,1,0,0
5.5649,27.71,110451,55,890,4,0,0
1390.664,306.01,558534,4,1,25,1,1
17.7729,52.68,239880,9,27,11,0,0
3621.9545,111.79,778203,3,7,40,1,1
6.3187,29.12,66290,994,179,1,0,0
1.6573,10.66,103232,887,340,4,0,0
8.2299,21.38,177602,1116,633,4,0,0
6.4715,24.83,143427,140,1409,1,0,0
38.0056,70.47,211635,14,13,7,0,0
1.7268,38.68,102536,251,1215,1,0,0
14.1101,22.86,78894,478,303,4,0,0
13.6213,23.14,208436,436,185,5,0,0
10.8197,16.64,62770,1050,1084,4,0,0
1496.8399,184.37,983283,6,3,97,1,1
2374.6705,187.17,819560,0,3,62,1,1
724.007,276.78,1942495,1,2,92,1,1
187.789,81.11,1343639,7,5,54,1,1
9.405,19.61,41311,615,510,3,0,0
6.2384,17.03,227179,1134,779,5,0,0
11.1497,43.11,130871,346,879,1,0,0
3.7517,13.97,213852,411,1052,5,0,0
7.9953,14.4,193949,1003,1155,2,0,0
11.7677,41.64,71860,783,1419,5,0,0
5.3679,30.44,82017,356,235,2,0,0
12.7565,11.31,66892,885,390,1,0,0
1998.8829,180.18,1899897,11,2,72,0,1
7.3813,30.2,200949,139,340,2,0,0
5.5492,15.52,239561,1142,1470,3,0,0
12.5196,33.84,38331,665,1460,4,0,0
4360.1366,100.21,2362121,10,3,57,1,1
13.161,25.91,148937,700,1221,1,0,0
3.6056,29.32,62034,35,866,4,0,0
4232.0914,181.04,1485632,9,1,76,1,1
0.9658,44.79,39092,996,94,3,0,0
25.8103,73.54,110583,29,25,7,0,0
12.9618,19.67,228095,879,726,5,0,0
7.8902,36.92,236833,181,286,3,0,0
4.3363,14.35,201532,652,1463,4,0,0
10.1588,28.92,121622,316,1441,1,0,0
7.8215,22.19,46591,927,1456,4,0,0
8.3592,27.94,48077,83,213,3,0,0
5.9019,14.46,79376,37,76,3,0,0
11.6289,38.81,117170,1140,115,4,0,0
11.9673,39.09,39129,867,1408,4,0,0
0.6701,40.2,85107,124,996,3,0,0
8.3975,44.75,84633,1097,377,4,0,0
8.5076,22.87,87877,240,1205,1,0,0
3.1153,17.56,248985,507,702,2,0,0
0.0877,29.26,62403,863,1367,4,0,0
20.0454,71.13,61464,7,25,12,0,0
4.3103,39.04,203471,314,1474,4,0,0
3.2886,25.96,36846,1019,1380,4,1,0
1169.2244,161.58,2483713,12,1,15,1,1
293.2781,158.45,1611588,13,1,27,1,1
4192.6376,260.64,925557,2,1,107,1,1
1.142,37.81,222558,220,855,5,0,0
5.5991,19.9,128156,722,1420,5,0,0
13.139,19.22,152225,395,1069,1,0,0
12.1547,14.03,243607,732,1357,1,0,0
7.412,12.82,31449,914,690,5,0,0
1.6447,27.63,182246,118,1379,5,0,0
4.2859,34.38,212497,1168,1385,4,0,0
11.7687,40.23,24235,627,877,4,0,0
6.899,33.34,231929,982,619,5,0,0
4.895,19.81,227010,834,777,1,0,0
9.5374,39.0,206416,343,921,2,0,0
2.4765,41.99,147313,634,723,1,0,0
12.6314,31.68,247891,765,49,4,0,0
6.9448,40.61,40761,937,1157,1,0,0
3238.9143,312.6,1395329,9,3,34,1,1
13.1958,19.74,239083,893,546,1,0,0
3.7575,32.44,118311,1165,240,5,0,0
8.7572,22.67,57262,1073,1040,1,0,0
0.3087,26.73,107962,442,297,3,0,0
908.4863,320.23,958941,1,1,57,1,1
4.3479,12.79,82024,236,808,3,0,0
10.1944,43.35,58428,927,101,2,0,0
0.3301,37.54,84850,287,1186,2,0,0
9.09,24.55,164978,994,1130,2,0,0
2.715,20.28,47895,193,701,3,0,0
2.0201,18.5,74303,706,1354,1,0,0
11.4268,21.21,74248,789,670,4,0,0
0.6891,14.8,108304,1000,1093,4,0,0
2696.2087,191.54,932410,4,3,58,1,1
6.946,29.4,228570,114,951,5,0,0
1.4099,43.32,82569,665,490,2,0,0
4.6814,21.35,169791,203,137,2,0,0
2439.2614,81.26,1136403,11,0,56,1,1
1.9878,24.54,168825,148,1174,4,0,0
13.4374,23.81,111474,329,624,1,0,0
2.8812,35.85,93482,1104,1252,3,0,0
6.0181,27.73,248969,886,1143,1,0,0
1.2179,15.28,121410,342,1476,2,0,0
6.1036,28.76,222939,455,955,3,0,0
2.9671,31.08,220285,184,392,4,0,0
4.1663,44.44,55076,1136,543,2,0,0
14.145,25.57,220582,582,239,2,0,0
14.5361,26.45,128046,712,687,1,0,0
3.9918,14.98,36633,369,659,5,0,0
4.3276,40.83,148064,278,89,5,0,0
4.0334,15.11,64832,920,595,4,0,0
1089.4045,302.09,920246,8,5,108,1,1
8.673,17.45,193159,1017,489,1,0,0
3516.2638,274.95,1412601,9,4,45,1,1
1.1116,12.83,180461,333,164,2,0,0
14.4591,21.24,190318,151,213,5,0,0
3.6557,34.4,99636,195,1368,1,0,0
4174.3442,342.74,1801232,13,4,35,0,1
14.3019,24.67,216956,1148,1265,2,0,0
4.6674,13.02,140733,46,785,2,0,0
4704.2849,329.73,723584,9,5,67,1,1
1.9101,24.73,50792,160,1005,4,0,0
7.6542,41.71,112586,749,1351,2,0,0
4.3762,10.05,113488,522,1198,4,0,0
12.3596,41.83,100217,866,268,2,0,0
13.0639,31.69,84132,1049,1224,2,0,0
1.1945,42.23,232828,348,1128,3,0,0
13.3144,26.64,33205,182,1431,3,0,0
6.3975,34.14,113155,945,116,3,0,0
11.4491,19.55,155572,331,925,1,0,0
3.6943,20.33,129001,1157,1011,1,0,0
14.5774,13.21,160062,470,800,4,0,0
4.9757,44.21,45998,1111,117,2,0,0
421.5231,271.58,1991919,4,0,37,1,1
1924.9594,171.22,1571104,9,4,77,1,1
14.9179,23.12,28389,682,232,3,0,0
30.262,60.6,232421,22,16,8,0,0
12.9238,25.75,218073,536,1335,3,0,0
6.6413,17.6,47336,316,282,5,0,0
11.8961,13.26,79090,858,1446,2,0,0
10.5595,23.88,83739,1160,688,3,0,0
1.5452,39.05,217960,536,639,1,0,0
3.7785,14.22,71484,676,274,5,0,0
4542.4426,203.54,1627008,5,1,77,1,1
5.0522,38.99,160549,1033,1481,5,0,0
11.1214,10.57,166047,885,634,2,0,0
3.0107,14.75,40412,955,383,4,0,0
6.3677,23.27,81205,536,973,3,0,0
12.8959,12.48,83391,600,1400,4,0,0
10.8205,19.97,202004,84,1378,3,0,0
1.7822,20.74,127277,1059,1470,3,0,0
6.2986,25.72,93926,43,356,4,0,0
325.2644,150.64,1618009,0,3,100,1,1
8.1437,24.55,75220,890,827,5,0,0
5.202,25.48,88225,1011,468,2,0,0
3.0487,37.3,174277,253,348,1,0,0
919.1075,137.21,1108351,4,0,69,1,1
6.2943,32.49,229980,1106,540,5,0,0
4.124,31.88,182068,1122,221,5,0,0
11.0962,18.49,117540,1040,430,5,0,0
13.7629,14.25,55954,981,1397,5,0,0
7.364,15.89,229398,751,376,2,0,0
3.9427,40.19,159337,671,1252,4,0,0
3472.3841,246.92,2115495,7,7,59,1,1
915.0584,191.79,1888435,11,6,27,1,1
13.8654,28.17,231016,199,899,1,0,0
4.0388,41.02,223225,90,716,4,0,0
6.042,20.35,54367,422,891,4,0,0
5.4342,25.28,48751,528,922,5,0,0
2902.9139,207.72,1022258,8,6,33,1,1
7.8434,25.77,137056,638,1235,4,0,0
12.3012,12.62,169850,157,920,2,0,0
10.278,20.41,40129,152,353,4,0,0
7.7814,31.79,151676,935,135,2,0,0
11.6448,18.32,52941,127,518,4,0,0
10.778,23.44,125766,529,332,1,0,0
1.2869,18.69,167295,882,1271,5,0,0
0.4993,20.08,95112,959,175,2,0,0
0.5032,42.51,103440,62,454,5,0,0
14.9906,39.87,48958,515,811,5,0,0
2932.4719,284.73,1246162,5,7,24,1,1
0.6382,42.67,156104,845,1142,4,0,0
11.3309,25.02,44907,224,32,2,0,0
22.551,72.68,227907,17,26,8,0,0
14.9355,41.83,191392,648,355,3,0,0
14.5561,28.97,67021,1034,107,1,0,0
7.2898,23.61,196341,858,368,4,0,0
11.6268,42.22,249803,157,1475,2,0,0
4.8413,18.59,43718,601,953,2,0,0
34.3873,62.65,22885,7,30,6,0,0
13.8124,31.81,194903,285,645,5,0,0
13.007,14.44,248037,301,541,2,0,0
12.1376,15.79,135733,119,871,3,0,0
10.7818,10.49,109371,634,1192,2,0,0
11.4898,44.24,190313,890,796,4,0,0
1.9857,22.54,227682,517,1235,3,1,0
12.1414,13.22,243108,709,280,1,0,0
5.4233,43.05,209979,1045,1246,5,0,0
14.6382,35.63,135522,1027,1359,3,0,0
7.1397,15.28,37219,952,241,3,0,0
1030.5843,276.17,1232658,15,5,79,1,1
0.4567,17.65,153475,84,1179,2,0,0
12.4838,27.44,208853,627,1072,3,0,0
1.297,39.1,212404,320,743,3,0,0
10.6877,30.18,41203,1046,962,5,0,0
4.5848,37.84,80662,486,78,2,0,0
14.3979,35.76,193713,203,611,5,0,0
8.7139,15.99,184703,721,1184,1,0,0
4865.2335,141.55,1560306,14,5,49,1,1
1548.4627,324.87,1997010,12,0,89,1,1
8.833,27.52,111431,80,1018,1,0,0
0.2541,42.53,62414,933,964,1,0,0
8.4316,22.69,96655,180,821,5,0,0
7.9016,38.53,91077,842,191,3,0,0
5.6377,16.5,174583,808,205,5,0,0
4.8058,38.91,170824,793,274,5,0,0
3.2669,40.23,35796,316,1061,3,0,0
2.0671,18.94,107015,275,45,4,0,0
16.5912,64.24,172197,13,30,7,0,0
41.2047,57.83,739248,19,17,10,1,1
7.0886,25.99,58917,815,420,5,0,0
12.6799,16.16,176325,681,1458,3,0,0
12.0109,13.82,71224,419,1128,4,0,0
207.375,216.25,816578,11,0,63,1,1
9.8443,33.17,54803,203,664,5,0,0
13.0592,36.1,79083,712,374,1,0,0
9.5885,27.43,185407,1147,623,3,0,0
12.1329,12.19,47673,1129,412,3,0,0
3.3378,36.14,167274,482,942,3,0,0
14.429,39.26,171784,72,1406,3,0,0
8.6459,30.21,223516,686,515,3,0,0
9.5728,11.84,129344,706,1499,4,0,0
4201.1857,147.36,2214484,1,5,105,1,1
11.8985,14.0,192629,1159,470,4,0,0
12.894,44.1,56684,645,686,5,0,0
5.9566,37.07,28766,589,952,4,0,0
8.295,11.96,23477,380,199,4,0,0
14.5263,23.87,33832,642,562,2,0,0
5.3116,29.6,127529,346,514,2,0,0
12.6658,21.33,26744,332,1231,2,0,0
0.3849,19.63,79513,315,239,5,0,0
5.6687,12.81,194484,1134,302,3,0,0
8.9132,25.63,197166,129,531,1,0,0
13.7782,30.96,149085,69,259,3,0,0
6.5599,24.0,136274,821,724,2,0,0
10.9968,31.99,223244,710,303,1,0,0
11.7986,25.27,155066,266,818,5,0,0
11.527,11.96,236430,95,676,4,0,0
9.7085,11.55,190091,848,709,4,0,0
6.2373,34.56,42607,1128,1131,5,0,0
5.3208,37.02,209986,571,1279,4,0,0
49.4378,63.34,222454,7,24,9,0,0
1.7321,19.75,80286,908,1178,5,0,0
6.4949,41.87,35526,284,1091,2,0,0
8.3757,17.87,99017,621,1473,2,0,0
2420.4962,111.19,1967098,15,7,99,1,1
4.6308,41.46,229698,111,762,2,0,0
14.0217,17.89,157025,611,191,3,0,0
1.396,35.36,70933,135,579,4,0,0
